id,first_name,last_name,email,gender
1,David,Jordan,djordan0@home.pl,Male
2,Gerald,Weaver,gweaver1u@sphinn.com,Male
3,Stephen,Riley,sriley1@hugedomains.com,Male
4,Evelyn,Grant,egrant2@livejournal.com,Female
5,Joe,Mendoza,jmendoza3@un.org,Male
6,Benjamin,Rodriguez,brodriguez4@elpais.com,Male
7,Kathleen,Crawford,kcrawford5@cbsnews.com,Female
8,Daniel,Marshall,dmarshall6@salon.com,Male
9,Diana,Coleman,dcoleman7@amazonaws.com,Female
10,Frances,Black,fblack8@webnode.com,Female
11,Tammy,Arnold,tarnold9@ebay.co.uk,Female
12,Jeffrey,Matthews,jmatthewsa@mapquest.com,Male
13,Roy,Harrison,rharrisonb@youtube.com,Male
14,Ernest,Bishop,ebishopc@intel.com,Male
15,Brian,Griffin,bgriffind@issuu.com,Male
16,Alice,Howell,ahowelle@boston.com,Female
17,Emily,Garza,egarzaf@51.la,Female
18,Sarah,Perez,sperezg@mail.ru,Female
19,Earl,Harvey,eharveyh@cpanel.net,Male
20,Larry,Watkins,lwatkinsi@archive.org,Male
21,Timothy,Edwards,tedwardsj@altervista.org,Male
22,Theresa,Phillips,tphillipsk@1688.com,Female
23,Timothy,Lawrence,tlawrencel@fema.gov,Male
24,Gregory,Daniels,gdanielsm@goo.ne.jp,Male
25,Laura,Ross,lrossn@delicious.com,Female
26,Martin,Burton,mburtono@stumbleupon.com,Male
27,Antonio,Chapman,achapmanp@trellian.com,Male
28,Tina,Lawson,tlawsonq@ed.gov,Female
29,Heather,Wallace,hwallacer@quantcast.com,Female
30,Mary,Stone,mstones@newyorker.com,Female
31,Angela,Flores,aflorest@deviantart.com,Female
32,Andrew,Hudson,ahudsonu@nymag.com,Male
33,Lillian,Boyd,lboydv@forbes.com,Female
34,Julia,Hawkins,jhawkinsw@ocn.ne.jp,Female
35,Alice,Sullivan,asullivanx@shinystat.com,Female
36,Adam,Tucker,atuckery@nasa.gov,Male
37,Rebecca,Fernandez,rfernandezz@symantec.com,Female
38,Frank,Bailey,fbailey10@google.com.hk,Male
39,Julia,Stephens,jstephens11@storify.com,Female
40,Ann,Carroll,acarroll12@msu.edu,Female
41,Kenneth,Duncan,kduncan13@ehow.com,Male
42,Roy,Flores,rflores14@ameblo.jp,Male
43,Gary,Dixon,gdixon15@jiathis.com,Male
44,Lois,Pierce,lpierce16@surveymonkey.com,Female
45,Barbara,Olson,bolson17@desdev.cn,Female
46,Brian,Daniels,bdaniels18@yelp.com,Male
47,Helen,Campbell,hcampbell19@patch.com,Female
48,Adam,Banks,abanks1a@cam.ac.uk,Male
49,Frank,Murray,fmurray1b@ning.com,Male
50,Christina,Edwards,cedwards1c@stumbleupon.com,Female
51,Stephanie,Gonzalez,sgonzalez1d@patch.com,Female
52,Steven,Peterson,speterson1e@alibaba.com,Male
53,Robin,Sims,rsims1f@globo.com,Female
54,Gerald,Dean,gdean1g@prnewswire.com,Male
55,Kimberly,Ellis,kellis1h@mail.ru,Female
56,Brandon,Franklin,bfranklin1i@php.net,Male
57,Jane,Fuller,jfuller1j@nationalgeographic.com,Female
58,Andrew,Richardson,arichardson1k@mit.edu,Male
59,Adam,Robertson,arobertson1l@webmd.com,Male
60,Stephen,Hunt,shunt1m@eepurl.com,Male
61,Amanda,Carter,acarter1n@hc360.com,Female
62,Elizabeth,Edwards,eedwards1o@fotki.com,Female
63,Anna,Moreno,amoreno1p@linkedin.com,Female
64,Rebecca,Fisher,rfisher1q@weebly.com,Female
65,Jesse,Payne,jpayne1r@wufoo.com,Male
66,Tammy,Spencer,tspencer1s@newyorker.com,Female
67,Dorothy,Thomas,dthomas1t@moonfruit.com,Female
68,Felipé,Flores,FF1@gmail.com,Male
69,Shawn,Dean,sdean1v@boston.com,Female
70,Rebecca,George,rgeorge1w@wikispaces.com,Male
71,Gerald,Johnson,gjohnson1x@rambler.ru,Female
72,Norma,Cox,ncox1y@pcworld.com,Male
73,Juan,Woods,jwoods1z@ask.com,Male
74,Terry,Ramos,tramos20@sitemeter.com,Male
75,David,Anderson,danderson21@ucoz.com,Male
76,Donald,Morgan,dmorgan22@wiley.com,Male
77,Billy,Bryant,bbryant23@hatena.ne.jp,Male
78,Willie,Stone,wstone24@4shared.com,Male
79,Terry,Porter,tporter25@mediafire.com,Female
80,Gloria,Edwards,gedwards26@discuz.net,Female
81,Janice,Payne,jpayne27@prnewswire.com,Male
82,Aaron,Black,ablack28@xing.com,Male
83,Joshua,Nichols,jnichols29@sciencedaily.com,Female
84,Donna,Ramos,dramos2a@whitehouse.gov,Male
85,Johnny,Romero,jromero2b@ed.gov,Female
86,Paula,Nelson,pnelson2c@wordpress.com,Male
87,Jack,Hamilton,jhamilton2d@scientificamerican.com,Male
88,Howard,Hart,hhart2e@ted.com,Male
89,Frank,Kim,fkim2f@foxnews.com,Female
90,Mildred,Jenkins,mjenkins2g@livejournal.com,Female
91,Betty,Dunn,bdunn2h@admin.ch,Female
92,Anna,Porter,aporter2i@unc.edu,Female
93,Ann,Spencer,aspencer2j@sina.com.cn,Female
94,Nicole,Cunningham,ncunningham2k@hugedomains.com,Female
95,Patricia,Dunn,pdunn2l@4shared.com,Male
96,Scott,Garrett,sgarrett2m@themeforest.net,Male
97,Adam,Banks,abanks2n@scientificamerican.com,Male
98,Antonio,Franklin,afranklin2o@loc.gov,Male
99,Joe,Allen,jallen2p@quantcast.com,Female
100,Rebecca,Russell,rrussell2q@wordpress.com,Female
101,Kathy,Sanchez,ksanchez2r@ebay.co.uk,